{
  "accuracy": 0.956140350877193,
  "epochs": 100,
  "learning_rate": 0.001,
  "batch_size": 32,
  "hidden_dim": 32,
  "final_loss": 0.007948270643828437,
  "final_train_accuracy": 0.9978021978021978,
  "timestamp": "2026-05-05T11:12:32.379206"
}